"","X","Y","Count"
"1",18,-35,425
"2",19,-35,37
"3",20,-35,12
"4",21,-35,2
"5",22,-35,7
"6",23,-35,40
"7",24,-35,9
"8",17,-34,1
"9",18,-34,1147
"10",19,-34,90
"11",20,-34,21
"12",21,-34,3
"13",22,-34,23
"14",23,-34,1
"15",24,-34,7
"16",25,-34,439
"17",26,-34,60
"18",27,-34,124
"19",18,-33,6
"20",19,-33,7
"21",24,-33,13
"22",25,-33,7
"23",26,-33,29
"24",27,-33,116
"25",28,-33,62
"26",29,-33,1
"27",18,-32,5
"28",24,-32,2
"29",25,-32,1
"30",26,-32,21
"31",27,-32,5
"32",28,-32,103
"33",29,-32,47
"34",30,-32,8
"35",22,-31,5
"36",26,-31,6
"37",27,-31,27
"38",28,-31,20
"39",29,-31,21
"40",30,-31,41
"41",22,-30,2
"42",23,-30,2
"43",24,-30,1
"44",25,-30,2
"45",26,-30,73
"46",27,-30,103
"47",28,-30,3
"48",29,-30,27
"49",30,-30,474
"50",31,-30,404
"51",16,-29,3
"52",20,-29,2
"53",23,-29,6
"54",24,-29,64
"55",25,-29,1
"56",26,-29,6
"57",27,-29,21
"58",28,-29,6
"59",29,-29,10
"60",30,-29,33
"61",31,-29,41
"62",32,-29,23
"63",16,-28,10
"64",21,-28,1
"65",22,-28,8
"66",23,-28,8
"67",24,-28,7
"68",25,-28,25
"69",26,-28,14
"70",27,-28,9
"71",28,-28,6
"72",29,-28,8
"73",30,-28,11
"74",31,-28,19
"75",32,-28,12
"76",15,-27,6
"77",17,-27,6
"78",18,-27,18
"79",22,-27,3
"80",23,-27,5
"81",24,-27,22
"82",25,-27,8
"83",26,-27,34
"84",27,-27,482
"85",28,-27,832
"86",29,-27,44
"87",30,-27,6
"88",31,-27,176
"89",32,-27,2
"90",17,-26,2
"91",18,-26,4
"92",24,-26,3
"93",25,-26,43
"94",26,-26,17
"95",27,-26,279
"96",28,-26,718
"97",29,-26,29
"98",30,-26,60
"99",31,-26,62
"100",32,-26,170
"101",33,-26,9
"102",45,-26,3
"103",46,-26,20
"104",16,-25,1
"105",17,-25,1
"106",24,-25,1
"107",25,-25,24
"108",26,-25,2
"109",27,-25,9
"110",28,-25,16
"111",29,-25,50
"112",30,-25,60
"113",31,-25,21
"114",32,-25,6
"115",33,-25,4
"116",34,-25,2
"117",35,-25,1
"118",45,-25,3
"119",46,-25,23
"120",47,-25,2
"121",17,-24,4
"122",19,-24,1
"123",27,-24,19
"124",28,-24,13
"125",29,-24,128
"126",30,-24,63
"127",31,-24,17
"128",32,-24,1
"129",34,-24,6
"130",35,-24,13
"131",43,-24,30
"132",44,-24,6
"133",45,-24,13
"134",46,-24,10
"135",47,-24,11
"136",14,-23,28
"137",15,-23,4
"138",17,-23,219
"139",18,-23,5
"140",23,-23,1
"141",28,-23,1
"142",29,-23,9
"143",30,-23,60
"144",31,-23,1
"145",33,-23,1
"146",35,-23,1
"147",43,-23,1
"148",44,-23,5
"149",45,-23,1
"150",46,-23,3
"151",47,-23,15
"152",48,-23,1
"153",15,-22,3
"154",17,-22,17
"155",18,-22,3
"156",19,-22,3
"157",20,-22,1
"158",24,-22,6
"159",25,-22,4
"160",27,-22,5
"161",28,-22,2
"162",29,-22,1
"163",30,-22,24
"164",31,-22,32
"165",34,-22,3
"166",44,-22,3
"167",46,-22,19
"168",47,-22,28
"169",48,-22,4
"170",14,-21,2
"171",15,-21,1
"172",16,-21,4
"173",18,-21,2
"174",27,-21,11
"175",28,-21,297
"176",29,-21,86
"177",30,-21,161
"178",31,-21,77
"179",32,-21,66
"180",33,-21,33
"181",34,-21,19
"182",35,-21,2
"183",44,-21,6
"184",45,-21,3
"185",46,-21,1
"186",47,-21,10
"187",48,-21,2
"188",16,-20,1
"189",17,-20,6
"190",18,-20,3
"191",23,-20,1
"192",27,-20,17
"193",28,-20,16
"194",29,-20,82
"195",30,-20,20
"196",31,-20,164
"197",32,-20,75
"198",33,-20,18
"199",34,-20,43
"200",35,-20,4
"201",44,-20,2
"202",45,-20,3
"203",46,-20,10
"204",47,-20,30
"205",48,-20,3
"206",13,-19,5
"207",15,-19,3
"208",16,-19,1
"209",17,-19,2
"210",19,-19,7
"211",20,-19,10
"212",21,-19,12
"213",22,-19,1
"214",23,-19,2
"215",24,-19,1
"216",25,-19,1
"217",26,-19,10
"218",27,-19,25
"219",28,-19,120
"220",29,-19,137
"221",30,-19,145
"222",31,-19,429
"223",32,-19,220
"224",33,-19,4
"225",34,-19,49
"226",35,-19,6
"227",44,-19,6
"228",45,-19,3
"229",46,-19,7
"230",47,-19,343
"231",48,-19,3
"232",49,-19,45
"233",14,-18,25
"234",15,-18,76
"235",16,-18,17
"236",17,-18,1
"237",18,-18,44
"238",19,-18,71
"239",20,-18,18
"240",21,-18,17
"241",22,-18,49
"242",23,-18,22
"243",24,-18,20
"244",25,-18,33
"245",26,-18,3
"246",27,-18,10
"247",28,-18,7
"248",29,-18,22
"249",30,-18,578
"250",31,-18,1975
"251",32,-18,141
"252",33,-18,1
"253",34,-18,9
"254",35,-18,10
"255",36,-18,11
"256",44,-18,1
"257",45,-18,1
"258",46,-18,1
"259",47,-18,3
"260",48,-18,7
"261",49,-18,3
"262",14,-17,1
"263",15,-17,4
"264",17,-17,20
"265",18,-17,1
"266",22,-17,5
"267",25,-17,2
"268",26,-17,12
"269",27,-17,4
"270",28,-17,25
"271",29,-17,99
"272",30,-17,56
"273",31,-17,130
"274",32,-17,10
"275",33,-17,17
"276",34,-17,1
"277",35,-17,21
"278",36,-17,4
"279",37,-17,1
"280",38,-17,2
"281",39,-17,13
"282",44,-17,1
"283",46,-17,1
"284",49,-17,2
"285",12,-16,2
"286",15,-16,1
"287",16,-16,3
"288",17,-16,4
"289",19,-16,2
"290",20,-16,4
"291",22,-16,2
"292",23,-16,17
"293",26,-16,1
"294",27,-16,4
"295",28,-16,465
"296",29,-16,97
"297",32,-16,2
"298",33,-16,4
"299",34,-16,14
"300",35,-16,92
"301",36,-16,2
"302",37,-16,1
"303",38,-16,4
"304",39,-16,49
"305",40,-16,7
"306",45,-16,2
"307",46,-16,34
"308",47,-16,3
"309",48,-16,1
"310",49,-16,1
"311",50,-16,1
"312",13,-15,19
"313",14,-15,23
"314",15,-15,10
"315",16,-15,74
"316",17,-15,13
"317",19,-15,1
"318",20,-15,1
"319",21,-15,8
"320",23,-15,1
"321",24,-15,8
"322",27,-15,2
"323",28,-15,11
"324",30,-15,8
"325",31,-15,1
"326",32,-15,1
"327",33,-15,5
"328",34,-15,10
"329",35,-15,17
"330",36,-15,1
"331",38,-15,1
"332",39,-15,4
"333",40,-15,7
"334",47,-15,1
"335",48,-15,1
"336",50,-15,2
"337",13,-14,21
"338",14,-14,22
"339",15,-14,30
"340",16,-14,21
"341",17,-14,2
"342",18,-14,3
"343",22,-14,11
"344",23,-14,6
"345",27,-14,4
"346",28,-14,25
"347",29,-14,1
"348",30,-14,6
"349",31,-14,1
"350",32,-14,21
"351",33,-14,89
"352",34,-14,2
"353",35,-14,4
"354",38,-14,2
"355",40,-14,2
"356",48,-14,5
"357",49,-14,7
"358",50,-14,1
"359",12,-13,2
"360",13,-13,39
"361",14,-13,35
"362",15,-13,280
"363",16,-13,277
"364",17,-13,88
"365",18,-13,12
"366",20,-13,3
"367",22,-13,5
"368",23,-13,3
"369",25,-13,3
"370",26,-13,16
"371",27,-13,43
"372",28,-13,200
"373",29,-13,18
"374",30,-13,8
"375",32,-13,4
"376",33,-13,5
"377",34,-13,3
"378",39,-13,2
"379",40,-13,7
"380",49,-13,8
"381",13,-12,9
"382",14,-12,26
"383",15,-12,7
"384",16,-12,178
"385",17,-12,6
"386",19,-12,25
"387",20,-12,4
"388",21,-12,4
"389",22,-12,10
"390",23,-12,9
"391",24,-12,5
"392",26,-12,10
"393",27,-12,139
"394",28,-12,4
"395",29,-12,2
"396",30,-12,2
"397",31,-12,3
"398",33,-12,20
"399",34,-12,3
"400",39,-12,5
"401",40,-12,12
"402",13,-11,3
"403",14,-11,16
"404",15,-11,2
"405",16,-11,1
"406",17,-11,6
"407",18,-11,4
"408",19,-11,14
"409",21,-11,2
"410",22,-11,12
"411",23,-11,5
"412",25,-11,10
"413",26,-11,15
"414",27,-11,3
"415",28,-11,15
"416",29,-11,3
"417",30,-11,1
"418",31,-11,21
"419",32,-11,4
"420",34,-11,3
"421",35,-11,13
"422",37,-11,1
"423",40,-11,9
"424",13,-10,20
"425",14,-10,36
"426",15,-10,29
"427",16,-10,375
"428",17,-10,11
"429",18,-10,25
"430",19,-10,73
"431",20,-10,29
"432",21,-10,6
"433",22,-10,3
"434",23,-10,2
"435",24,-10,1
"436",25,-10,9
"437",26,-10,7
"438",27,-10,6
"439",28,-10,13
"440",29,-10,4
"441",31,-10,1
"442",32,-10,19
"443",33,-10,15
"444",34,-10,1
"445",35,-10,5
"446",37,-10,1
"447",38,-10,1
"448",13,-9,128
"449",14,-9,37
"450",15,-9,36
"451",16,-9,22
"452",17,-9,27
"453",18,-9,11
"454",19,-9,7
"455",20,-9,38
"456",21,-9,19
"457",22,-9,1
"458",24,-9,24
"459",25,-9,1
"460",26,-9,20
"461",27,-9,69
"462",28,-9,97
"463",29,-9,14
"464",30,-9,24
"465",31,-9,5
"466",32,-9,4
"467",33,-9,9
"468",35,-9,2
"469",36,-9,2
"470",12,-8,3
"471",13,-8,26
"472",14,-8,46
"473",15,-8,114
"474",16,-8,30
"475",17,-8,3
"476",19,-8,8
"477",20,-8,41
"478",21,-8,46
"479",22,-8,3
"480",23,-8,3
"481",24,-8,2
"482",26,-8,7
"483",27,-8,74
"484",28,-8,18
"485",29,-8,47
"486",30,-8,4
"487",31,-8,5
"488",34,-8,1
"489",35,-8,9
"490",36,-8,3
"491",38,-8,4
"492",39,-8,1
"493",12,-7,16
"494",13,-7,6
"495",14,-7,25
"496",15,-7,106
"497",16,-7,26
"498",18,-7,7
"499",20,-7,11
"500",21,-7,9
"501",22,-7,9
"502",23,-7,113
"503",24,-7,38
"504",25,-7,19
"505",26,-7,39
"506",27,-7,4
"507",28,-7,6
"508",29,-7,2
"509",30,-7,1
"510",34,-7,1
"511",35,-7,6
"512",37,-7,5
"513",38,-7,4
"514",39,-7,238
"515",12,-6,120
"516",13,-6,55
"517",14,-6,15
"518",15,-6,9
"519",16,-6,2
"520",17,-6,1
"521",18,-6,17
"522",19,-6,8
"523",20,-6,4
"524",21,-6,6
"525",22,-6,29
"526",23,-6,20
"527",24,-6,11
"528",25,-6,14
"529",26,-6,1
"530",27,-6,16
"531",28,-6,33
"532",29,-6,61
"533",30,-6,1
"534",31,-6,1
"535",32,-6,4
"536",35,-6,3
"537",36,-6,4
"538",37,-6,1
"539",38,-6,3
"540",39,-6,46
"541",11,-5,24
"542",12,-5,55
"543",13,-5,24
"544",14,-5,25
"545",15,-5,642
"546",16,-5,5
"547",17,-5,10
"548",18,-5,2
"549",19,-5,11
"550",20,-5,2
"551",21,-5,1
"552",22,-5,2
"553",23,-5,13
"554",24,-5,5
"555",25,-5,13
"556",26,-5,14
"557",27,-5,20
"558",28,-5,225
"559",29,-5,363
"560",30,-5,18
"561",31,-5,1
"562",34,-5,4
"563",35,-5,6
"564",36,-5,1
"565",37,-5,2
"566",38,-5,1
"567",39,-5,328
"568",12,-4,4
"569",13,-4,6
"570",14,-4,8
"571",15,-4,8
"572",17,-4,13
"573",18,-4,1
"574",20,-4,1
"575",21,-4,4
"576",22,-4,4
"577",23,-4,16
"578",24,-4,6
"579",25,-4,1
"580",26,-4,13
"581",27,-4,30
"582",28,-4,139
"583",29,-4,2752
"584",30,-4,385
"585",31,-4,1
"586",32,-4,9
"587",33,-4,5
"588",35,-4,5
"589",36,-4,48
"590",37,-4,21
"591",38,-4,39
"592",39,-4,98
"593",40,-4,30
"594",11,-3,11
"595",12,-3,2
"596",13,-3,1
"597",14,-3,3
"598",16,-3,7
"599",17,-3,2
"600",20,-3,1
"601",23,-3,8
"602",24,-3,1
"603",25,-3,72
"604",26,-3,27
"605",27,-3,185
"606",28,-3,759
"607",29,-3,423
"608",30,-3,113
"609",31,-3,4
"610",32,-3,24
"611",33,-3,3
"612",34,-3,4
"613",35,-3,7
"614",36,-3,6
"615",37,-3,19
"616",38,-3,2
"617",39,-3,1
"618",40,-3,84
"619",41,-3,6
"620",10,-2,1
"621",12,-2,1
"622",13,-2,1
"623",15,-2,6
"624",16,-2,3
"625",17,-2,1
"626",18,-2,3
"627",21,-2,1
"628",23,-2,5
"629",26,-2,28
"630",27,-2,15
"631",28,-2,708
"632",29,-2,1719
"633",30,-2,184
"634",31,-2,13
"635",33,-2,3
"636",34,-2,104
"637",35,-2,58
"638",36,-2,1090
"639",37,-2,87
"640",38,-2,18
"641",39,-2,9
"642",40,-2,46
"643",41,-2,98
"644",42,-2,4
"645",8,-1,14
"646",13,-1,1
"647",15,-1,9
"648",17,-1,2
"649",18,-1,2
"650",19,-1,2
"651",20,-1,8
"652",21,-1,47
"653",22,-1,25
"654",24,-1,13
"655",25,-1,7
"656",26,-1,14
"657",27,-1,4
"658",28,-1,99
"659",29,-1,544
"660",30,-1,74
"661",31,-1,68
"662",32,-1,2
"663",33,-1,11
"664",34,-1,283
"665",35,-1,199
"666",36,-1,363
"667",37,-1,185
"668",38,-1,16
"669",39,-1,136
"670",40,-1,3
"671",41,-1,27
"672",42,-1,839
"673",9,0,103
"674",12,0,1
"675",13,0,1
"676",15,0,1
"677",17,0,1
"678",18,0,64
"679",19,0,11
"680",20,0,4
"681",21,0,2
"682",22,0,4
"683",23,0,4
"684",24,0,13
"685",25,0,206
"686",27,0,16
"687",28,0,7
"688",29,0,642
"689",30,0,356
"690",31,0,43
"691",32,0,617
"692",33,0,105
"693",34,0,326
"694",35,0,218
"695",36,0,98
"696",37,0,129
"697",38,0,20
"698",39,0,4
"699",40,0,91
"700",41,0,199
"701",42,0,283
"702",43,0,9
"703",9,1,8
"704",10,1,3
"705",11,1,3
"706",14,1,1
"707",15,1,2
"708",16,1,1
"709",18,1,6
"710",19,1,26
"711",20,1,5
"712",21,1,4
"713",22,1,1
"714",23,1,6
"715",25,1,2
"716",26,1,7
"717",27,1,32
"718",28,1,11
"719",29,1,213
"720",30,1,806
"721",31,1,67
"722",32,1,54
"723",33,1,164
"724",34,1,228
"725",35,1,127
"726",36,1,60
"727",37,1,10
"728",38,1,16
"729",40,1,71
"730",41,1,6
"731",42,1,86
"732",43,1,15
"733",44,1,966
"734",45,1,65
"735",9,2,1
"736",11,2,4
"737",16,2,2
"738",18,2,48
"739",19,2,20
"740",20,2,1
"741",21,2,10
"742",22,2,7
"743",23,2,12
"744",24,2,25
"745",25,2,2
"746",27,2,79
"747",28,2,11
"748",29,2,9
"749",30,2,132
"750",31,2,106
"751",32,2,871
"752",33,2,272
"753",34,2,271
"754",35,2,19
"755",36,2,24
"756",37,2,25
"757",38,2,4
"758",39,2,4
"759",40,2,16
"760",41,2,164
"761",42,2,235
"762",43,2,166
"763",44,2,403
"764",45,2,7202
"765",46,2,27
"766",8,3,23
"767",9,3,1
"768",11,3,54
"769",12,3,1
"770",15,3,5
"771",16,3,20
"772",17,3,10
"773",18,3,40
"774",19,3,33
"775",20,3,19
"776",21,3,1
"777",22,3,2
"778",23,3,20
"779",24,3,5
"780",25,3,1
"781",26,3,50
"782",27,3,92
"783",28,3,117
"784",29,3,83
"785",30,3,107
"786",31,3,144
"787",32,3,642
"788",33,3,272
"789",34,3,81
"790",35,3,100
"791",36,3,14
"792",37,3,44
"793",38,3,44
"794",39,3,144
"795",40,3,32
"796",41,3,376
"797",42,3,375
"798",43,3,1020
"799",44,3,18
"800",45,3,223
"801",46,3,11
"802",47,3,24
"803",-9,4,4
"804",-8,4,35
"805",-7,4,35
"806",-3,4,3
"807",-2,4,12
"808",5,4,25
"809",6,4,443
"810",7,4,423
"811",8,4,128
"812",9,4,71
"813",11,4,3
"814",13,4,8
"815",14,4,9
"816",15,4,66
"817",16,4,7
"818",17,4,49
"819",18,4,1114
"820",19,4,17
"821",20,4,7
"822",21,4,38
"823",22,4,31
"824",23,4,56
"825",24,4,2
"826",25,4,24
"827",26,4,14
"828",27,4,181
"829",28,4,160
"830",29,4,177
"831",30,4,57
"832",31,4,460
"833",32,4,200
"834",33,4,99
"835",34,4,49
"836",35,4,44
"837",36,4,3
"838",37,4,4
"839",38,4,10
"840",39,4,1
"841",40,4,5
"842",41,4,8
"843",42,4,49
"844",43,4,365
"845",44,4,89
"846",45,4,728
"847",46,4,145
"848",47,4,38
"849",48,4,2
"850",-11,5,41
"851",-10,5,29
"852",-9,5,19
"853",-8,5,18
"854",-7,5,6
"855",-6,5,11
"856",-5,5,747
"857",-4,5,41
"858",-3,5,6
"859",-2,5,8
"860",-1,5,131
"861",0,5,7
"862",5,5,330
"863",6,5,182
"864",7,5,242
"865",8,5,17
"866",9,5,3
"867",10,5,15
"868",13,5,2
"869",14,5,42
"870",15,5,62
"871",16,5,11
"872",17,5,34
"873",18,5,11
"874",19,5,46
"875",20,5,167
"876",21,5,10
"877",22,5,15
"878",23,5,12
"879",24,5,14
"880",25,5,65
"881",26,5,110
"882",27,5,28
"883",28,5,2
"884",29,5,3
"885",30,5,56
"886",31,5,35
"887",32,5,6
"888",33,5,1
"889",34,5,1
"890",35,5,2
"891",36,5,1
"892",38,5,6
"893",39,5,8
"894",41,5,1
"895",42,5,9
"896",43,5,2
"897",44,5,9
"898",45,5,121
"899",46,5,192
"900",47,5,25
"901",48,5,46
"902",-12,6,17
"903",-11,6,554
"904",-10,6,39
"905",-9,6,59
"906",-8,6,85
"907",-7,6,46
"908",-6,6,68
"909",-5,6,9
"910",-4,6,11
"911",-3,6,10
"912",-2,6,50
"913",-1,6,9
"914",0,6,18
"915",1,6,189
"916",2,6,119
"917",3,6,830
"918",4,6,29
"919",5,6,145
"920",6,6,242
"921",7,6,216
"922",8,6,75
"923",9,6,21
"924",10,6,12
"925",11,6,2
"926",13,6,4
"927",14,6,7
"928",15,6,24
"929",16,6,78
"930",17,6,89
"931",18,6,43
"932",19,6,109
"933",20,6,7
"934",21,6,44
"935",22,6,4
"936",23,6,4
"937",25,6,13
"938",26,6,1
"939",27,6,1
"940",28,6,2
"941",29,6,226
"942",30,6,40
"943",31,6,237
"944",33,6,85
"945",34,6,4
"946",35,6,4
"947",36,6,6
"948",37,6,3
"949",38,6,12
"950",39,6,13
"951",40,6,13
"952",41,6,3
"953",42,6,11
"954",43,6,29
"955",44,6,113
"956",45,6,28
"957",46,6,202
"958",47,6,568
"959",48,6,16
"960",49,6,4
"961",-14,7,1
"962",-13,7,152
"963",-12,7,460
"964",-11,7,96
"965",-10,7,144
"966",-9,7,145
"967",-8,7,68
"968",-7,7,39
"969",-6,7,121
"970",-5,7,18
"971",-4,7,16
"972",-3,7,15
"973",-2,7,5
"974",0,7,11
"975",1,7,1
"976",2,7,3
"977",3,7,237
"978",4,7,218
"979",5,7,187
"980",6,7,87
"981",7,7,35
"982",8,7,151
"983",9,7,89
"984",10,7,22
"985",11,7,1
"986",15,7,57
"987",16,7,111
"988",17,7,18
"989",18,7,142
"990",19,7,10
"991",20,7,5
"992",21,7,3
"993",26,7,8
"994",27,7,20
"995",28,7,184
"996",29,7,64
"997",30,7,42
"998",31,7,91
"999",32,7,17
"1000",33,7,38
"1001",34,7,19
"1002",35,7,2
"1003",36,7,21
"1004",37,7,6
"1005",38,7,35
"1006",39,7,6
"1007",40,7,7
"1008",41,7,3
"1009",42,7,22
"1010",43,7,36
"1011",44,7,14
"1012",45,7,8
"1013",47,7,48
"1014",48,7,21
"1015",49,7,14
"1016",-14,8,477
"1017",-13,8,1232
"1018",-12,8,538
"1019",-11,8,918
"1020",-10,8,151
"1021",-9,8,9
"1022",-8,8,6
"1023",-7,8,1
"1024",-6,8,2
"1025",-4,8,4
"1026",-3,8,18
"1027",-2,8,1
"1028",-1,8,5
"1029",0,8,2
"1030",1,8,3
"1031",2,8,2
"1032",3,8,9
"1033",4,8,111
"1034",5,8,7
"1035",6,8,10
"1036",7,8,33
"1037",8,8,118
"1038",9,8,42
"1039",10,8,12
"1040",11,8,30
"1041",12,8,7
"1042",13,8,1
"1043",14,8,1
"1044",15,8,3
"1045",16,8,18
"1046",17,8,4
"1047",18,8,9
"1048",19,8,1
"1049",20,8,46
"1050",21,8,1
"1051",22,8,31
"1052",23,8,3
"1053",25,8,58
"1054",26,8,5
"1055",27,8,106
"1056",28,8,88
"1057",29,8,17
"1058",30,8,106
"1059",31,8,30
"1060",32,8,21
"1061",33,8,72
"1062",34,8,72
"1063",35,8,7
"1064",36,8,5
"1065",37,8,27
"1066",38,8,24
"1067",39,8,50
"1068",40,8,34
"1069",41,8,8
"1070",42,8,29
"1071",43,8,103
"1072",44,8,25
"1073",45,8,42
"1074",46,8,180
"1075",47,8,254
"1076",48,8,182
"1077",49,8,3
"1078",-14,9,309
"1079",-13,9,456
"1080",-12,9,465
"1081",-11,9,160
"1082",-9,9,1
"1083",-8,9,12
"1084",-7,9,3
"1085",-6,9,63
"1086",-5,9,8
"1087",-4,9,1
"1088",-3,9,1
"1089",-2,9,1
"1090",-1,9,22
"1091",0,9,9
"1092",1,9,8
"1093",2,9,4
"1094",3,9,2
"1095",4,9,7
"1096",5,9,4
"1097",6,9,44
"1098",7,9,390
"1099",8,9,477
"1100",9,9,88
"1101",11,9,14
"1102",12,9,58
"1103",13,9,10
"1104",14,9,4
"1105",18,9,7
"1106",20,9,5
"1107",21,9,5
"1108",22,9,16
"1109",24,9,15
"1110",26,9,9
"1111",27,9,23
"1112",28,9,157
"1113",29,9,466
"1114",30,9,53
"1115",31,9,262
"1116",32,9,47
"1117",33,9,46
"1118",34,9,8
"1119",35,9,35
"1120",36,9,30
"1121",37,9,24
"1122",38,9,260
"1123",39,9,17
"1124",40,9,23
"1125",41,9,66
"1126",42,9,314
"1127",43,9,123
"1128",44,9,249
"1129",45,9,140
"1130",46,9,24
"1131",47,9,60
"1132",48,9,57
"1133",49,9,60
"1134",50,9,10
"1135",-15,10,15
"1136",-14,10,16
"1137",-13,10,20
"1138",-12,10,8
"1139",-11,10,10
"1140",-10,10,27
"1141",-9,10,3
"1142",-7,10,9
"1143",-6,10,3
"1144",-5,10,17
"1145",-4,10,16
"1146",-3,10,7
"1147",-1,10,20
"1148",0,10,21
"1149",1,10,1
"1150",3,10,1
"1151",4,10,2
"1152",5,10,5
"1153",6,10,10
"1154",7,10,188
"1155",8,10,19
"1156",9,10,110
"1157",10,10,19
"1158",11,10,80
"1159",12,10,176
"1160",13,10,174
"1161",14,10,39
"1162",15,10,6
"1163",16,10,1
"1164",19,10,2
"1165",21,10,2
"1166",22,10,59
"1167",23,10,9
"1168",24,10,23
"1169",25,10,35
"1170",26,10,1
"1171",27,10,9
"1172",28,10,8
"1173",29,10,84
"1174",30,10,93
"1175",31,10,7
"1176",32,10,78
"1177",33,10,26
"1178",34,10,64
"1179",36,10,7
"1180",37,10,7
"1181",38,10,28
"1182",39,10,4
"1183",40,10,2
"1184",42,10,27
"1185",43,10,24
"1186",44,10,1
"1187",45,10,47
"1188",46,10,2
"1189",47,10,116
"1190",48,10,29
"1191",49,10,110
"1192",50,10,28
"1193",51,10,6
"1194",-16,11,152
"1195",-15,11,1
"1196",-14,11,4
"1197",-13,11,23
"1198",-12,11,2
"1199",-11,11,11
"1200",-10,11,5
"1201",-9,11,3
"1202",-8,11,1
"1203",-6,11,3
"1204",-5,11,47
"1205",-4,11,2
"1206",-3,11,2
"1207",-2,11,6
"1208",-1,11,35
"1209",0,11,1
"1210",2,11,1
"1211",3,11,3
"1212",4,11,7
"1213",5,11,5
"1214",6,11,17
"1215",7,11,78
"1216",8,11,36
"1217",9,11,19
"1218",10,11,17
"1219",11,11,212
"1220",12,11,110
"1221",13,11,730
"1222",14,11,145
"1223",15,11,11
"1224",16,11,1
"1225",17,11,2
"1226",18,11,5
"1227",19,11,1
"1228",20,11,10
"1229",21,11,6
"1230",22,11,56
"1231",23,11,112
"1232",24,11,80
"1233",25,11,192
"1234",26,11,134
"1235",27,11,13
"1236",28,11,32
"1237",29,11,247
"1238",30,11,94
"1239",31,11,137
"1240",32,11,88
"1241",33,11,11
"1242",34,11,173
"1243",35,11,4
"1244",37,11,13
"1245",38,11,6
"1246",39,11,82
"1247",40,11,12
"1248",41,11,8
"1249",42,11,18
"1250",43,11,99
"1251",47,11,7
"1252",48,11,23
"1253",49,11,372
"1254",50,11,3
"1255",51,11,17
"1256",-17,12,305
"1257",-16,12,138
"1258",-15,12,57
"1259",-14,12,15
"1260",-13,12,12
"1261",-11,12,1
"1262",-9,12,17
"1263",-8,12,193
"1264",-7,12,2
"1265",-6,12,3
"1266",-5,12,1
"1267",-4,12,3
"1268",-3,12,27
"1269",-2,12,303
"1270",-1,12,7
"1271",0,12,9
"1272",2,12,1
"1273",3,12,2
"1274",4,12,14
"1275",5,12,13
"1276",6,12,56
"1277",7,12,26
"1278",8,12,242
"1279",9,12,16
"1280",10,12,15
"1281",11,12,22
"1282",12,12,19
"1283",13,12,129
"1284",14,12,95
"1285",15,12,132
"1286",17,12,1
"1287",18,12,2
"1288",19,12,2
"1289",20,12,5
"1290",21,12,67
"1291",22,12,87
"1292",23,12,290
"1293",24,12,684
"1294",25,12,138
"1295",26,12,25
"1296",27,12,37
"1297",28,12,17
"1298",29,12,14
"1299",30,12,23
"1300",31,12,59
"1301",32,12,5
"1302",33,12,6
"1303",34,12,8
"1304",35,12,9
"1305",36,12,6
"1306",37,12,23
"1307",38,12,2
"1308",39,12,8
"1309",40,12,3
"1310",42,12,20
"1311",43,12,14
"1312",-17,13,131
"1313",-16,13,35
"1314",-15,13,9
"1315",-14,13,14
"1316",-12,13,2
"1317",-10,13,2
"1318",-7,13,3
"1319",-5,13,2
"1320",-4,13,2
"1321",-3,13,16
"1322",-2,13,12
"1323",-1,13,1
"1324",1,13,5
"1325",2,13,133
"1326",3,13,5
"1327",5,13,42
"1328",6,13,3
"1329",7,13,15
"1330",8,13,2
"1331",9,13,19
"1332",11,13,2
"1333",12,13,90
"1334",13,13,61
"1335",14,13,20
"1336",15,13,3
"1337",16,13,6
"1338",18,13,2
"1339",19,13,2
"1340",20,13,24
"1341",21,13,41
"1342",22,13,439
"1343",23,13,155
"1344",24,13,554
"1345",25,13,818
"1346",26,13,12
"1347",27,13,9
"1348",30,13,53
"1349",31,13,4
"1350",32,13,21
"1351",33,13,24
"1352",34,13,3
"1353",35,13,2
"1354",36,13,5
"1355",37,13,13
"1356",38,13,1
"1357",39,13,17
"1358",40,13,1
"1359",41,13,3
"1360",42,13,23
"1361",-18,14,310
"1362",-17,14,43
"1363",-16,14,3
"1364",-15,14,1
"1365",-13,14,7
"1366",-12,14,3
"1367",-10,14,4
"1368",-8,14,1
"1369",-7,14,19
"1370",-6,14,12
"1371",-5,14,28
"1372",-4,14,19
"1373",-3,14,5
"1374",-2,14,8
"1375",-1,14,6
"1376",0,14,3
"1377",1,14,6
"1378",2,14,6
"1379",4,14,1
"1380",5,14,7
"1381",6,14,1
"1382",8,14,4
"1383",10,14,1
"1384",13,14,19
"1385",20,14,8
"1386",21,14,18
"1387",22,14,42
"1388",23,14,31
"1389",24,14,206
"1390",25,14,90
"1391",26,14,8
"1392",27,14,1
"1393",29,14,2
"1394",30,14,1
"1395",31,14,1
"1396",32,14,26
"1397",33,14,43
"1398",34,14,2
"1399",35,14,30
"1400",36,14,13
"1401",37,14,80
"1402",38,14,40
"1403",39,14,93
"1404",-17,15,6
"1405",-16,15,5
"1406",-14,15,7
"1407",-13,15,1
"1408",-12,15,1
"1409",-11,15,3
"1410",-10,15,10
"1411",-9,15,1
"1412",-8,15,3
"1413",-7,15,4
"1414",-6,15,10
"1415",-5,15,13
"1416",-4,15,10
"1417",-3,15,18
"1418",-2,15,13
"1419",0,15,26
"1420",1,15,6
"1421",2,15,39
"1422",3,15,4
"1423",4,15,4
"1424",7,15,2
"1425",13,15,10
"1426",14,15,1
"1427",15,15,2
"1428",20,15,3
"1429",21,15,4
"1430",22,15,48
"1431",23,15,39
"1432",24,15,4
"1433",25,15,1
"1434",26,15,14
"1435",30,15,3
"1436",31,15,2
"1437",32,15,667
"1438",33,15,1
"1439",34,15,2
"1440",35,15,2
"1441",36,15,178
"1442",37,15,95
"1443",38,15,64
"1444",39,15,35
"1445",40,15,5
"1446",-17,16,11
"1447",-16,16,12
"1448",-15,16,10
"1449",-14,16,4
"1450",-12,16,4
"1451",-10,16,1
"1452",-9,16,3
"1453",-8,16,5
"1454",-4,16,143
"1455",-3,16,16
"1456",-2,16,4
"1457",-1,16,183
"1458",0,16,2
"1459",3,16,1
"1460",4,16,2
"1461",7,16,58
"1462",24,16,3
"1463",25,16,2
"1464",26,16,1
"1465",32,16,1
"1466",33,16,8
"1467",34,16,1
"1468",36,16,6
"1469",38,16,1
"1470",-15,17,4
"1471",-14,17,11
"1472",-13,17,1
"1473",-7,17,2
"1474",-4,17,2
"1475",-2,17,9
"1476",0,17,8
"1477",1,17,5
"1478",6,17,2
"1479",7,17,1
"1480",8,17,4
"1481",19,17,4
"1482",21,17,12
"1483",22,17,4
"1484",23,17,2
"1485",27,17,3
"1486",29,17,1
"1487",33,17,17
"1488",34,17,8
"1489",36,17,12
"1490",38,17,9
"1491",-17,18,291
"1492",-16,18,6
"1493",-2,18,1
"1494",0,18,16
"1495",1,18,157
"1496",2,18,2
"1497",5,18,1
"1498",7,18,16
"1499",12,18,1
"1500",19,18,4
"1501",26,18,1
"1502",31,18,2
"1503",32,18,4
"1504",33,18,2
"1505",36,18,1
"1506",37,18,7
"1507",38,18,4
"1508",-17,19,1
"1509",-15,19,3
"1510",-1,19,1
"1511",0,19,28
"1512",1,19,26
"1513",2,19,15
"1514",5,19,4
"1515",7,19,1
"1516",8,19,4
"1517",19,19,3
"1518",20,19,4
"1519",26,19,2
"1520",28,19,2
"1521",30,19,9
"1522",33,19,10
"1523",36,19,2
"1524",37,19,60
"1525",-18,20,13
"1526",-16,20,3
"1527",-11,20,1
"1528",-3,20,1
"1529",0,20,37
"1530",1,20,10
"1531",2,20,7
"1532",3,20,10
"1533",13,20,1
"1534",16,20,5
"1535",17,20,2
"1536",18,20,4
"1537",30,20,3
"1538",0,21,21
"1539",1,21,2
"1540",12,21,2
"1541",13,21,3
"1542",15,21,6
"1543",16,21,15
"1544",17,21,12
"1545",18,21,1
"1546",21,21,1
"1547",24,21,1
"1548",36,21,3
"1549",-13,22,10
"1550",-12,22,1
"1551",-4,22,3
"1552",-2,22,1
"1553",-1,22,1
"1554",5,22,48
"1555",-16,23,18
"1556",-8,23,2
"1557",-2,23,1
"1558",8,23,1
"1559",12,23,2
"1560",21,23,1
"1561",22,23,1
"1562",26,23,1
"1563",-14,24,1
"1564",-13,24,1
"1565",9,24,9
"1566",10,24,2
"1567",13,24,2
"1568",14,24,2
"1569",20,24,1
"1570",23,24,64
"1571",32,24,73
"1572",-12,25,1
"1573",-6,25,1
"1574",9,25,1
"1575",13,25,11
"1576",14,25,2
"1577",21,25,2
"1578",30,25,5
"1579",32,25,47
"1580",-15,26,7
"1581",-12,26,38
"1582",-10,26,1
"1583",8,26,18
"1584",11,26,3
"1585",12,26,36
"1586",13,26,2
"1587",15,26,2
"1588",31,26,39
"1589",32,26,71
"1590",33,26,1
"1591",-14,27,126
"1592",-10,27,2
"1593",-9,27,22
"1594",-1,27,19
"1595",2,27,74
"1596",12,27,1
"1597",14,27,156
"1598",15,27,1
"1599",17,27,1
"1600",22,27,8
"1601",28,27,1
"1602",30,27,53
"1603",31,27,107
"1604",33,27,7
"1605",34,27,11
"1606",-12,28,7
"1607",-11,28,3
"1608",-10,28,7
"1609",-1,28,1
"1610",2,28,1
"1611",6,28,1
"1612",8,28,2
"1613",9,28,7
"1614",17,28,6
"1615",28,28,5
"1616",30,28,179
"1617",33,28,28
"1618",34,28,4
"1619",-11,29,3
"1620",-10,29,3
"1621",-4,29,1
"1622",0,29,5
"1623",2,29,1
"1624",9,29,2
"1625",10,29,1
"1626",14,29,4
"1627",15,29,9
"1628",16,29,12
"1629",17,29,11
"1630",21,29,5
"1631",25,29,1
"1632",28,29,1
"1633",30,29,215
"1634",31,29,296
"1635",32,29,173
"1636",33,29,7
"1637",34,29,6
"1638",-10,30,21
"1639",-9,30,1
"1640",-3,30,4
"1641",2,30,4
"1642",9,30,6
"1643",10,30,2
"1644",17,30,20
"1645",18,30,85
"1646",19,30,52
"1647",20,30,126
"1648",28,30,1
"1649",29,30,9
"1650",30,30,58
"1651",31,30,2999
"1652",32,30,137
"1653",33,30,13
"1654",34,30,11
"1655",-10,31,3
"1656",-9,31,31
"1657",-5,31,1
"1658",-3,31,7
"1659",-2,31,1
"1660",2,31,1
"1661",3,31,1
"1662",5,31,47
"1663",6,31,6
"1664",9,31,2
"1665",10,31,25
"1666",11,31,7
"1667",12,31,61
"1668",13,31,35
"1669",14,31,11
"1670",15,31,2
"1671",16,31,171
"1672",17,31,10
"1673",19,31,5
"1674",20,31,8
"1675",24,31,1
"1676",25,31,12
"1677",27,31,17
"1678",29,31,490
"1679",30,31,199
"1680",31,31,251
"1681",32,31,120
"1682",33,31,619
"1683",34,31,659
"1684",-10,32,4
"1685",-9,32,1
"1686",-8,32,2
"1687",-7,32,7
"1688",-6,32,4
"1689",-5,32,2
"1690",-3,32,1
"1691",0,32,1
"1692",3,32,116
"1693",4,32,5
"1694",8,32,1
"1695",10,32,48
"1696",11,32,39
"1697",12,32,324
"1698",13,32,1034
"1699",14,32,79
"1700",15,32,177
"1701",20,32,1272
"1702",21,32,55
"1703",22,32,235
"1704",23,32,53
"1705",-8,33,108
"1706",-7,33,3
"1707",-6,33,13
"1708",-5,33,2
"1709",-1,33,1
"1710",1,33,10
"1711",2,33,18
"1712",3,33,1
"1713",5,33,4
"1714",6,33,26
"1715",7,33,1
"1716",8,33,63
"1717",9,33,28
"1718",10,33,93
"1719",11,33,97
"1720",-7,34,289
"1721",-6,34,3
"1722",-5,34,44
"1723",-4,34,1
"1724",-3,34,11
"1725",-2,34,40
"1726",-1,34,12
"1727",0,34,9
"1728",1,34,1
"1729",2,34,5
"1730",3,34,29
"1731",4,34,7
"1732",5,34,25
"1733",6,34,9
"1734",7,34,7
"1735",8,34,106
"1736",9,34,37
"1737",10,34,75
"1738",11,34,43
"1739",-7,35,3
"1740",-6,35,63
"1741",-5,35,7
"1742",-4,35,21
"1743",-3,35,28
"1744",-2,35,8
"1745",-1,35,82
"1746",0,35,81
"1747",1,35,71
"1748",2,35,18
"1749",3,35,9
"1750",4,35,22
"1751",5,35,16
"1752",6,35,74
"1753",7,35,39
"1754",8,35,263
"1755",9,35,144
"1756",10,35,90
"1757",11,35,11
"1758",0,36,8
"1759",1,36,147
"1760",2,36,227
"1761",3,36,1196
"1762",4,36,524
"1763",5,36,187
"1764",6,36,154
"1765",7,36,85
"1766",8,36,128
"1767",9,36,43
"1768",10,36,761
"1769",11,36,3
"1770",6,37,13
"1771",7,37,1
"1772",9,37,23
